{"ec2": 1752080545.4032025, "iam": 1752080529.4131243, "s3": 1752080980.3347125, "kms": 1752080559.346493, "dynamodb": 1752080619.3346622, "lambda": 1752078504.3549848, "elasticache": 1752080635.313948, "sts": 1752078504.2762303, "efs": 1752080665.3384326, "ses": 1752080755.4208324, "sns": 1752080769.3338368, "events": 1752080980.3138862, "cloudtrail": 1752080784.4033437, "logs": 1752080784.5189846, "cloudwatch": 1752080800.4339323, "config": 1752080800.3892102, "guardduty": 1752080800.4279819, "secretsmanager": 1752080814.4115243, "securityhub": 1752080814.4029996, "inspector": 1752080830.3291833, "acm": 1752080814.4530606, "cloudformation": 1752078610.3955972, "ssm": 1752080830.476911, "codepipeline": 1752080830.452934, "ecs": 1752080860.314044, "route53": 1752080830.495983, "network-firewall": 1752080859.5606284, "kinesis": 1752080874.4432995, "ecr": 1752080874.4202135, "appstream": 1752080890.4251554, "workspaces": 1752080890.4312801, "kinesisanalytics": 1752080874.4072108, "sagemaker": 1752080890.3147104, "backup": 1752080904.332225}